Position;Url
1;https://www.agencesartistiques.com/
2;https://www.onisep.fr/ressources/univers-metier/metiers/agent-agente-artistique
3;https://fr.wikipedia.org/wiki/Agent_artistique
4;https://bpifrance-creation.fr/activites-reglementees/agent-artistique
5;https://www.iesa.fr/vie-etudiante/metiers/agent-artistique
6;https://www.hellowork.com/fr-fr/metiers/agent-artistique.html
7;https://www.ubba.eu/
8;https://time-art.com/
9;https://metiers.philharmoniedeparis.fr/agents-artistiques-musique.aspx
10;https://www.cidj.com/s-orienter/metiers/agent-agente-artistique
11;https://www.leparisien.fr/etudiant/orientation/guide-metiers/metier-agent-artistique/
12;https://www.icart.fr/metiers-art-culture/devenir-agent-artistique
13;https://www.patstudio.fr/acteur-comment-trouver-un-agent-artistique-patstudio-blog/
14;https://www.format.com/fr/magazine/resources/artiste-page/art-agent-artiste-agence/
15;https://fr.indeed.com/q-agent-artistique-emplois.html
16;https://castprod.com/trouver-un-agent-artistique-pour-un-role-au-cinema-ou-une-serie/
17;https://www.agencesartistiques.com/agences.cfm
18;https://www.legifrance.gouv.fr/codes/section_lc/LEGITEXT000006072050/LEGISCTA000018499406/2020-10-05
19;https://www.dictionnaire-juridique.com/definition/agent-artistique.php
20;https://www.agencevga.com/
21;https://www.adami.fr/nl-adami-agent-manager-et-artiste-une-collaboration-quel-cadre/
22;https://www.artcena.fr/precis-juridique/creation-et-gestion-dune-structure-juridique/agent-artistique/agent-artistique
23;https://beaubourg-avocats.fr/contrat-agent-artiste-modele/
24;https://fr.linkedin.com/jobs/agent-artistique-emplois-paris
25;https://www.iscpa-ecoles.com/metier/production/agent-artiste
26;https://www.portail-autoentrepreneur.fr/academie/fiches-metiers/art-et-culture/agent-artistique
27;https://fr.indeed.com/conseils-carrieres/trouver-un-emploi/comment-devenir-agent-artistique
28;https://www.riffx.fr/conseils/pourquoi-faire-appel-a-une-agence-artistique/
29;https://www.captaincontrat.com/exercer-un-metier/consultant/comment-devenir-agent-artistique
30;https://www.studyrama.com/formations/fiches-metiers/publicite-marketing/agent-artistique-1273
31;https://candidat.francetravail.fr/offres/emploi/agent-artistique/s4m6
32;https://www.youtube.com/watch?v=sI9eo6cvJ7I
33;https://www.studioartera.com/
34;https://www.icart.fr/formation-mediation-culturelle/comment-devenir-agent-artistique
35;https://www.1jeune1solution.gouv.fr/decouvrir-les-metiers/agent%2Fe%20artistique
36;https://www.youtube.com/watch?v=NfZVb48wmm8
37;https://www.tout-un-art.fr/
38;https://www.agents-artistes.com/
39;https://www.youtube.com/watch?v=s4mmSnToQIo
40;https://www.pagesjaunes.fr/annuaire/lyon-69/agents-artistiques
41;https://www.agence-colette.com/
42;https://www.canalplus.com/actualites/profession-agent-artistique/h/11061952_50001
43;https://www.agence-indeed.com/
44;https://www.amazon.fr/Lagent-artistique-lartiste-interd%C3%A9pendantes-contemporaine/dp/3639492781
45;https://www.quellebellehistoire.com/
46;https://www.cheque-intermittents.com/agent-artistique-vous-avez-dit-10/
47;https://www.casting.fr/pages/2179-agent-artistique
48;https://www.vma.fr/agence.cfm
49;https://www.didierfelix-avocat.com/10-points-a-necocier-dans-un-contrat-dagent-artistique/
50;https://www.prepeers.co/metiers/art--culture--design--mode/art/agent-artistique
51;https://www.professionacteur.com/blog/agent-artistique-acteur-debutant
52;https://www.agenceplan-a.com/
53;http://agence-singuliere.com/
54;https://www.optionmetier.fr/orientation/ideo-fiches-metiers/MET.214/
55;https://www.esec.fr/ecole-cinema/metiers/devenir-agent-artistique
56;https://fr.wikipedia.org/wiki/Cat%C3%A9gorie:Agence_artistique
57;https://www.goavec-aac.com/
58;https://candidat.francetravail.fr/metierscope/fiche-metier/L1303/agent-agente-de-talent
59;https://agentl.fr/
60;https://www.sequencesud.com/
61;https://www.legifrance.gouv.fr/codes/section_lc/LEGITEXT000006072050/LEGISCTA000006195960/
62;https://www.dstalents.fr/
63;https://www.agencesophielemaitre.com/
64;https://www.artmedia.fr/
65;https://www.facebook.com/agencesartistiques/?locale=fr_FR
66;https://www.cnc.fr/cinema/etudes-et-rapports/lagent-artistique_214001
67;https://www.agentagitateur.com/
68;https://aa-talents-associes.fr/
69;https://www.lesagentsassocies.com/
70;https://infonet.fr/metiers/L1303/10356-agent-artistique
71;https://fr.linkedin.com/jobs/agent-artistique-emplois
72;https://www.hugopanonacle.fr/fr/
73;https://www.spectable.com/Agent-artistique
74;https://www.lproduction.fr/
75;https://www.virtuozagency.fr/
76;https://www.agence-arcenciel.com/
77;https://www.agenceartistiquecedelle.com/
78;https://espace-autoentrepreneur.com/ruche/article/le-manager-artistique-auto-entrepreneur
79;https://bpifrance-creation.fr/entrepreneur/actualites/zoom-lactivite-dagent-artistique
80;https://www.agence-aml.com/
81;https://fr.fiverr.com/mikecharette/talent-agency-resume-writing
82;https://agence-aura.com/l-agence/
83;https://www.choisirmonmetier-paysdelaloire.fr/metier/fiche/L1303/commune/72181#!
84;https://www.agents-artistes.com/?lng=en
85;https://www.cvrin.com/blog/agent-artistique-metier
86;https://www.dailymotion.com/video/x72nui3
87;https://www.youtube.com/watch?v=jn3UGAe8k5U
88;https://www.ubba.eu/trombi/agent/arielle-leva
89;https://www.imaginetonfutur.com/metier/agent-artistique.html
90;https://www.talentsdart.fr/
91;https://diplomeo.com/formations-metier-pour-devenir-agent_artistique
92;https://agentandartists.com/
93;https://agence-contact.com/
94;https://www.pagesjaunes.fr/annuaire/paris-75/agents-artistiques
95;https://www.service-public.fr/particuliers/vosdroits/F1648
96;https://www.casting.fr/videos/20770-comment-demarcher-un-agent-artistique-pour-son-enfant-avec-gerald-benaim-agence-a-toi-djouer
97;https://www.facebook.com/coletteagenceartistique/videos/-trouver-un-agent-ou-une-agente-cest-une-aventure-passionnante-cest-un-marathon-/986263209487433/
98;https://www.youtube.com/watch?v=Fndupaa56ZY&pp=0gcJCdgAo7VqN5tD